host_id,host_superhost,host_response_rate,host_cancellation_rate_12m,host_avg_response_time_minutes,host_past_guest_complaints_12m,host_avg_rating
H00000,0,0.758,0.039,33.5,2,4.56
H00001,1,0.691,0.055,96.1,1,4.81
H00002,1,0.909,0.057,600.9,2,4.1
H00003,0,0.777,0.025,92.3,0,5.0
H00004,0,0.687,0.071,70.9,3,4.67
H00005,0,0.849,0.034,59.3,4,4.43
H00006,0,0.79,0.024,185.4,5,4.61
H00007,0,0.654,0.003,128.1,1,4.41
H00008,1,0.791,0.023,299.3,1,4.69
H00009,1,0.83,0.123,168.5,5,4.45
H00010,0,0.859,0.015,16.6,7,4.68
H00011,0,0.885,0.056,183.5,2,4.53
H00012,0,0.747,0.243,68.7,2,4.8
H00013,0,0.659,0.096,133.2,4,5.0
H00014,1,0.929,0.042,178.2,3,4.47
H00015,0,0.764,0.024,57.1,0,4.64
H00016,0,0.753,0.167,157.4,2,4.82
H00017,0,0.902,0.128,140.0,1,4.96
H00018,0,0.519,0.108,163.4,2,4.74
H00019,0,0.785,0.016,401.7,0,4.46
H00020,1,0.934,0.101,57.1,2,4.35
H00021,1,0.874,0.241,302.8,3,4.72
H00022,0,0.86,0.065,110.1,2,4.82
H00023,0,0.856,0.116,31.1,4,4.78
H00024,0,0.737,0.028,273.0,3,4.81
H00025,1,0.9,0.069,215.0,3,4.33
H00026,1,0.81,0.041,261.2,1,4.51
H00027,1,0.832,0.025,192.5,1,4.61
H00028,0,0.917,0.035,45.0,1,4.71
H00029,0,0.713,0.045,323.6,0,4.72
H00030,1,0.756,0.027,440.9,4,4.74
H00031,1,0.89,0.052,188.2,7,4.16
H00032,0,0.804,0.183,53.6,2,4.32
H00033,0,0.706,0.027,233.5,3,4.66
H00034,0,0.785,0.047,18.6,2,4.69
H00035,1,0.726,0.041,84.1,2,4.61
H00036,1,0.735,0.028,41.3,2,4.75
H00037,0,0.802,0.163,249.1,3,4.81
H00038,0,0.856,0.064,111.1,0,4.37
H00039,0,0.634,0.108,104.2,2,4.22
H00040,0,0.752,0.172,129.9,2,4.55
H00041,1,0.815,0.051,18.2,3,4.82
H00042,0,0.749,0.018,204.9,1,4.71
H00043,0,0.88,0.135,99.7,4,4.58
H00044,0,0.694,0.194,10.9,2,4.96
H00045,1,0.827,0.029,68.5,0,5.0
H00046,0,0.88,0.014,276.2,2,4.83
H00047,0,0.732,0.057,157.1,1,5.0
H00048,0,0.897,0.048,184.2,1,4.27
H00049,1,0.833,0.121,180.3,0,4.68
H00050,0,0.787,0.075,139.8,0,4.52
H00051,1,0.63,0.11,107.4,9,4.82
H00052,0,0.934,0.169,163.3,0,4.34
H00053,0,0.706,0.078,102.5,0,4.64
H00054,0,0.705,0.059,195.3,1,4.49
H00055,0,0.862,0.045,107.6,2,4.85
H00056,1,0.721,0.031,66.8,2,4.53
H00057,0,0.608,0.045,109.7,1,4.26
H00058,1,0.748,0.138,47.7,5,4.77
H00059,0,0.772,0.1,199.1,3,4.87
H00060,0,0.532,0.047,117.5,1,4.43
H00061,1,0.92,0.098,165.8,2,4.82
H00062,1,0.847,0.025,241.5,2,4.68
H00063,1,0.807,0.033,83.6,4,4.67
H00064,1,0.832,0.069,119.2,4,4.11
H00065,1,0.87,0.016,467.0,4,4.94
H00066,0,0.763,0.171,330.8,1,4.74
H00067,0,0.87,0.012,19.4,2,4.72
H00068,0,0.775,0.072,99.7,0,4.75
H00069,1,0.655,0.081,129.3,0,4.71
H00070,0,0.864,0.062,157.2,2,5.0
H00071,0,0.829,0.018,95.4,0,4.93
H00072,1,0.776,0.087,169.1,1,4.54
H00073,1,0.849,0.044,204.5,1,5.0
H00074,0,0.792,0.051,152.9,0,4.84
H00075,0,0.85,0.125,72.3,3,5.0
H00076,0,0.813,0.022,104.7,2,4.71
H00077,0,0.738,0.047,81.8,4,4.68
H00078,0,0.849,0.055,199.3,2,4.34
H00079,0,0.765,0.079,69.2,2,4.21
H00080,1,0.783,0.054,30.4,4,4.65
H00081,1,0.772,0.033,74.9,4,4.57
H00082,1,0.821,0.027,32.2,2,4.75
H00083,0,0.863,0.069,94.7,2,4.48
H00084,1,0.908,0.093,29.6,4,4.83
H00085,1,0.803,0.041,143.9,1,4.88
H00086,1,0.937,0.075,70.4,4,5.0
H00087,1,0.895,0.007,120.4,3,5.0
H00088,1,0.773,0.001,24.3,4,4.84
H00089,0,0.9,0.023,299.1,2,5.0
H00090,1,0.91,0.058,80.8,1,4.76
H00091,1,0.82,0.031,96.6,2,4.72
H00092,0,0.931,0.034,91.2,2,4.4
H00093,0,0.624,0.023,60.1,0,4.67
H00094,0,0.818,0.082,166.0,2,4.57
H00095,1,0.893,0.058,111.4,0,4.41
H00096,1,0.587,0.075,137.5,3,4.26
H00097,0,0.905,0.077,45.9,4,4.64
H00098,0,0.709,0.056,57.9,4,4.37
H00099,0,0.916,0.081,129.7,1,4.61
H00100,1,0.88,0.097,25.9,1,4.85
H00101,0,0.755,0.062,20.7,0,4.43
H00102,0,0.826,0.071,155.2,1,4.34
H00103,1,0.85,0.279,28.8,3,4.32
H00104,0,0.729,0.129,199.9,4,4.48
H00105,0,0.802,0.112,32.1,4,4.49
H00106,0,0.787,0.062,41.9,1,4.32
H00107,0,0.887,0.082,62.9,0,4.89
H00108,1,0.899,0.074,22.1,2,4.79
H00109,0,0.704,0.064,327.5,1,4.27
H00110,0,0.899,0.088,178.8,3,4.39
H00111,0,0.863,0.055,97.8,2,4.86
H00112,0,0.766,0.085,57.5,4,4.32
H00113,0,0.869,0.058,161.2,3,4.41
H00114,0,0.821,0.068,62.7,2,4.6
H00115,0,0.777,0.057,23.7,1,4.46
H00116,0,0.924,0.049,58.4,0,5.0
H00117,0,0.828,0.058,32.5,1,4.76
H00118,1,0.829,0.042,44.3,6,4.72
H00119,0,0.683,0.055,80.6,1,4.64
H00120,0,0.902,0.058,91.3,1,4.87
H00121,0,0.872,0.038,197.2,1,4.72
H00122,0,0.855,0.054,196.7,1,4.53
H00123,0,0.634,0.042,109.0,1,4.24
H00124,0,0.693,0.086,134.7,0,4.49
H00125,0,0.93,0.024,75.0,2,4.57
H00126,0,0.768,0.084,102.4,2,4.77
H00127,0,0.801,0.069,129.1,1,4.88
H00128,0,0.532,0.104,113.8,2,4.65
H00129,0,0.745,0.032,338.7,2,4.67
H00130,0,0.896,0.01,116.7,3,4.35
H00131,1,0.873,0.113,28.2,6,4.44
H00132,0,0.777,0.093,228.2,0,4.2
H00133,1,0.789,0.018,188.0,1,4.5
H00134,1,0.855,0.094,131.1,0,4.73
H00135,0,0.7,0.009,96.6,1,4.81
H00136,1,0.868,0.133,148.5,1,4.48
H00137,1,0.863,0.052,83.1,4,4.92
H00138,0,0.804,0.079,13.0,2,5.0
H00139,0,0.884,0.097,32.8,3,4.87
H00140,0,0.808,0.099,89.0,1,4.95
H00141,0,0.977,0.063,29.5,1,4.42
H00142,0,0.835,0.029,143.6,3,4.29
H00143,1,0.748,0.033,25.6,2,4.88
H00144,0,0.645,0.065,48.1,2,4.99
H00145,1,0.876,0.068,42.0,0,5.0
H00146,0,0.881,0.121,136.6,0,4.23
H00147,1,0.783,0.036,216.9,2,4.66
H00148,0,0.864,0.085,36.6,3,4.37
H00149,0,0.79,0.029,231.6,1,4.61
H00150,1,0.792,0.116,240.9,4,4.86
H00151,0,0.512,0.08,128.1,2,4.74
H00152,0,0.972,0.069,65.8,3,4.28
H00153,1,0.902,0.031,74.4,5,4.6
H00154,0,0.892,0.035,43.7,2,4.52
H00155,0,0.745,0.031,42.3,1,4.88
H00156,0,0.732,0.104,53.7,4,4.47
H00157,0,0.798,0.038,156.2,3,4.69
H00158,0,0.781,0.065,72.0,3,4.57
H00159,0,0.869,0.111,137.9,2,5.0
H00160,1,0.906,0.047,39.2,2,4.82
H00161,0,0.914,0.019,14.1,1,4.62
H00162,0,0.888,0.066,72.0,3,4.56
H00163,1,0.809,0.079,15.6,2,4.65
H00164,1,0.929,0.077,35.7,1,5.0
H00165,0,0.779,0.017,262.9,2,4.8
H00166,0,0.865,0.201,96.3,2,4.73
H00167,1,0.635,0.051,89.3,4,4.82
H00168,1,0.66,0.067,193.5,2,4.79
H00169,1,0.675,0.158,70.7,0,4.82
H00170,0,0.974,0.032,79.0,5,4.82
H00171,0,0.894,0.048,62.8,2,4.4
H00172,0,0.897,0.05,132.9,1,4.33
H00173,1,0.946,0.058,81.9,2,4.82
H00174,1,0.645,0.071,84.6,1,4.74
H00175,0,0.813,0.119,49.5,0,4.51
H00176,0,0.691,0.086,164.7,0,4.48
H00177,1,0.722,0.053,122.0,2,4.78
H00178,1,0.905,0.039,73.9,0,4.78
H00179,0,0.813,0.03,34.6,2,4.28
H00180,1,0.905,0.1,196.3,3,4.66
H00181,0,0.841,0.114,198.8,0,4.62
H00182,1,0.822,0.048,123.3,3,4.58
H00183,0,0.803,0.07,90.7,5,4.38
H00184,0,0.862,0.011,28.0,3,4.48
H00185,1,0.954,0.048,46.5,1,4.57
H00186,0,0.78,0.014,101.4,1,4.19
H00187,0,0.92,0.029,63.9,1,4.91
H00188,0,0.799,0.017,22.8,1,4.63
H00189,0,0.798,0.014,173.0,2,4.51
H00190,1,0.694,0.089,134.1,2,4.4
H00191,0,0.844,0.015,88.0,1,4.71
H00192,0,0.683,0.095,97.8,0,4.23
H00193,1,0.913,0.023,64.8,2,4.83
H00194,0,0.722,0.04,67.0,2,4.85
H00195,0,0.978,0.126,198.3,1,4.49
H00196,0,0.94,0.09,19.8,2,4.08
H00197,1,0.793,0.027,283.4,2,4.5
H00198,0,0.683,0.018,87.6,3,4.57
H00199,1,0.694,0.02,89.9,1,4.62
H00200,0,0.633,0.118,97.6,0,5.0
H00201,0,0.923,0.068,115.0,4,4.73
H00202,0,0.851,0.043,56.9,1,5.0
H00203,0,0.879,0.082,149.4,1,4.85
H00204,1,0.73,0.049,160.6,2,4.75
H00205,1,0.79,0.031,231.1,4,4.68
H00206,1,0.704,0.044,133.6,2,4.16
H00207,0,0.885,0.032,66.0,1,4.13
H00208,0,0.787,0.024,32.5,1,4.84
H00209,0,0.702,0.086,65.5,1,4.63
H00210,0,0.834,0.086,91.5,1,4.91
H00211,1,0.811,0.045,108.0,2,4.26
H00212,1,0.72,0.086,77.0,3,4.73
H00213,1,0.764,0.02,84.9,1,4.77
H00214,0,0.825,0.019,146.4,0,4.49
H00215,1,0.79,0.008,167.7,0,4.38
H00216,0,0.923,0.029,297.9,2,4.39
H00217,0,0.697,0.02,92.2,3,4.47
H00218,0,0.814,0.041,80.9,1,4.53
H00219,1,0.788,0.097,134.0,1,4.5
H00220,0,0.817,0.098,127.2,2,4.73
H00221,0,0.954,0.026,72.6,2,4.61
H00222,0,0.781,0.101,126.0,0,4.34
H00223,1,0.852,0.06,348.8,3,4.79
H00224,1,0.803,0.04,72.1,0,4.35
H00225,0,0.88,0.06,26.9,4,4.56
H00226,1,0.614,0.074,80.0,4,4.39
H00227,0,0.79,0.062,26.5,1,4.48
H00228,0,0.834,0.184,49.8,2,4.52
H00229,0,0.864,0.112,100.3,3,4.53
H00230,0,0.853,0.067,43.6,1,4.59
H00231,0,0.785,0.053,228.3,4,4.64
H00232,1,0.732,0.065,64.9,5,4.91
H00233,1,0.874,0.077,201.3,4,4.39
H00234,0,0.859,0.054,28.4,1,3.93
H00235,0,0.867,0.004,31.6,1,4.38
H00236,0,0.833,0.129,82.7,1,4.92
H00237,0,0.818,0.047,43.1,1,4.81
H00238,0,0.78,0.04,37.6,2,4.45
H00239,1,0.771,0.013,112.9,1,4.56
H00240,0,0.903,0.093,30.5,0,4.15
H00241,0,0.728,0.091,185.8,4,4.43
H00242,0,0.777,0.018,130.2,4,4.45
H00243,1,0.695,0.042,132.5,2,4.84
H00244,0,0.915,0.104,191.1,2,4.6
H00245,0,0.844,0.041,135.5,1,4.38
H00246,0,0.704,0.058,67.0,1,4.29
H00247,0,0.705,0.098,162.0,2,4.86
H00248,1,0.814,0.039,75.6,2,4.61
H00249,0,0.754,0.062,95.9,2,4.4
H00250,1,0.886,0.075,100.0,3,4.89
H00251,0,0.936,0.048,27.2,3,4.83
H00252,0,0.901,0.04,192.6,4,4.52
H00253,1,0.866,0.06,189.2,0,4.34
H00254,1,0.793,0.089,57.4,2,5.0
H00255,0,0.58,0.094,44.9,0,4.8
H00256,0,0.664,0.152,98.1,2,4.61
H00257,0,0.745,0.085,202.8,3,4.34
H00258,1,0.725,0.07,33.1,3,4.75
H00259,1,0.782,0.068,41.9,0,4.39
H00260,0,0.747,0.093,277.5,5,4.8
H00261,0,0.676,0.07,8.3,1,4.77
H00262,0,0.789,0.068,61.8,2,4.47
H00263,1,0.981,0.039,160.2,5,4.77
H00264,0,0.742,0.11,225.6,1,4.53
H00265,0,0.94,0.087,206.8,1,4.9
H00266,1,0.753,0.073,44.6,1,4.52
H00267,0,0.77,0.12,120.9,2,4.82
H00268,0,0.814,0.019,158.8,2,5.0
H00269,0,0.902,0.03,127.9,1,4.45
H00270,0,0.656,0.028,612.5,2,4.3
H00271,0,0.739,0.137,45.2,1,4.66
H00272,0,0.829,0.045,146.7,2,4.77
H00273,0,0.845,0.114,3.6,4,4.43
H00274,0,0.721,0.034,119.8,1,4.62
H00275,0,0.836,0.086,11.2,1,4.45
H00276,0,0.782,0.055,202.8,3,4.26
H00277,0,0.684,0.078,194.4,0,4.71
H00278,0,0.588,0.006,72.5,1,4.64
H00279,0,0.746,0.151,102.4,2,4.38
H00280,1,0.893,0.039,238.4,2,4.43
H00281,0,0.912,0.081,108.8,1,4.55
H00282,1,0.866,0.01,98.8,1,4.61
H00283,0,0.836,0.076,8.4,4,4.28
H00284,1,0.814,0.018,59.5,1,4.48
H00285,1,0.843,0.165,16.8,4,4.93
H00286,0,0.67,0.061,22.3,1,4.79
H00287,0,0.68,0.057,120.7,2,4.56
H00288,0,0.501,0.063,113.6,1,4.92
H00289,1,0.666,0.109,81.1,0,4.6
H00290,0,0.425,0.035,129.3,3,4.55
H00291,0,0.882,0.025,95.0,1,4.71
H00292,1,0.787,0.091,77.6,3,4.69
H00293,0,0.862,0.054,134.7,1,4.99
H00294,1,0.855,0.034,325.8,3,4.38
H00295,0,0.868,0.07,40.5,0,4.82
H00296,0,0.795,0.195,265.7,3,4.58
H00297,0,0.893,0.017,26.6,1,4.32
H00298,0,0.696,0.097,87.9,3,4.73
H00299,0,0.782,0.043,30.7,3,4.54
H00300,0,0.85,0.016,166.5,2,4.97
H00301,1,0.892,0.042,10.2,0,4.44
H00302,0,0.814,0.123,20.8,1,4.49
H00303,1,0.746,0.093,130.7,4,4.67
H00304,0,0.747,0.094,145.2,5,4.21
H00305,0,0.819,0.05,113.8,2,4.9
H00306,0,0.83,0.077,144.5,3,4.93
H00307,1,0.69,0.035,11.0,2,4.82
H00308,0,0.849,0.051,91.6,3,4.68
H00309,1,0.864,0.069,93.8,1,4.8
H00310,0,0.791,0.062,104.4,4,4.71
H00311,0,0.829,0.052,168.6,2,4.86
H00312,1,0.663,0.175,128.7,2,5.0
H00313,0,0.793,0.055,315.3,0,4.62
H00314,0,0.849,0.04,128.2,1,4.58
H00315,0,0.875,0.103,149.4,2,4.6
H00316,1,0.858,0.013,38.1,1,4.35
H00317,1,0.803,0.059,133.9,1,4.67
H00318,1,0.618,0.12,65.0,1,4.25
H00319,0,0.752,0.035,61.5,0,4.95
H00320,0,0.792,0.01,165.0,4,4.97
H00321,0,0.694,0.084,20.9,0,4.43
H00322,0,0.757,0.024,103.1,3,4.38
H00323,0,0.974,0.093,77.0,2,4.87
H00324,0,0.758,0.062,184.9,1,4.26
H00325,0,0.939,0.049,167.6,3,4.42
H00326,1,0.777,0.034,78.6,1,4.38
H00327,0,0.903,0.014,37.1,2,4.74
H00328,1,0.822,0.045,194.4,2,4.74
H00329,0,0.761,0.089,91.9,1,4.7
H00330,0,0.815,0.089,230.2,0,4.61
H00331,1,0.777,0.068,122.4,3,4.8
H00332,0,0.788,0.09,92.1,2,4.64
H00333,1,0.766,0.026,69.2,1,5.0
H00334,0,0.649,0.029,125.3,0,4.88
H00335,1,0.806,0.086,23.8,2,4.44
H00336,0,0.79,0.022,54.3,3,4.54
H00337,0,0.685,0.08,204.2,3,4.58
H00338,1,0.776,0.015,28.8,2,4.39
H00339,0,0.724,0.058,180.5,2,4.9
H00340,0,0.603,0.021,260.0,2,4.83
H00341,0,0.946,0.13,59.2,0,4.56
H00342,1,0.661,0.012,277.9,2,4.74
H00343,0,0.888,0.032,384.4,4,4.52
H00344,0,0.843,0.034,62.0,3,4.87
H00345,1,0.841,0.059,94.6,1,4.59
H00346,1,0.735,0.179,55.8,1,4.13
H00347,0,0.835,0.088,116.0,3,4.31
H00348,1,0.676,0.059,126.5,2,4.95
H00349,0,0.913,0.05,59.1,7,4.59
H00350,1,0.745,0.048,48.7,6,4.72
H00351,0,0.817,0.028,140.7,5,4.59
H00352,0,0.677,0.031,76.0,1,4.27
H00353,1,0.82,0.058,69.9,2,4.36
H00354,0,0.82,0.025,139.4,2,4.9
H00355,0,0.859,0.117,68.3,3,4.89
H00356,1,0.864,0.024,50.5,1,4.29
H00357,0,0.577,0.01,52.8,4,4.93
H00358,0,0.837,0.016,249.2,3,4.51
H00359,1,0.95,0.042,120.1,2,4.69
H00360,0,0.752,0.042,101.4,0,4.63
H00361,1,0.872,0.035,85.0,1,4.8
H00362,0,0.889,0.013,85.4,6,4.85
H00363,0,0.858,0.057,15.3,2,4.54
H00364,0,0.787,0.066,28.0,4,4.91
H00365,0,0.905,0.014,260.3,1,4.98
H00366,0,0.882,0.016,23.9,3,4.73
H00367,0,0.912,0.126,57.9,4,4.38
H00368,1,0.893,0.027,72.2,3,4.76
H00369,1,0.946,0.112,59.2,1,4.52
H00370,0,0.897,0.082,38.6,2,4.56
H00371,0,0.825,0.045,173.5,2,4.42
H00372,0,0.895,0.05,23.5,1,5.0
H00373,0,0.86,0.012,381.5,1,4.62
H00374,1,0.849,0.072,27.3,1,4.98
H00375,0,0.733,0.185,225.7,0,4.83
H00376,1,0.85,0.079,284.3,3,4.45
H00377,0,0.843,0.076,12.6,0,4.46
H00378,0,0.941,0.014,106.7,4,4.61
H00379,0,0.834,0.034,135.4,3,4.64
H00380,0,0.804,0.012,119.6,4,4.54
H00381,0,0.718,0.069,141.7,2,4.92
H00382,1,0.839,0.055,49.4,2,4.67
H00383,0,0.898,0.116,186.0,1,4.72
H00384,0,0.833,0.063,45.3,1,4.38
H00385,0,0.684,0.036,62.6,1,4.2
H00386,0,0.687,0.1,37.8,4,4.87
H00387,0,0.855,0.1,171.9,2,4.4
H00388,0,0.871,0.03,160.4,1,4.58
H00389,1,0.858,0.119,41.3,1,4.63
H00390,0,0.897,0.036,73.2,2,4.68
H00391,0,0.907,0.032,259.4,4,4.53
H00392,0,0.77,0.105,16.5,3,4.44
H00393,0,0.842,0.022,358.6,0,4.52
H00394,1,0.723,0.025,46.9,2,4.22
H00395,1,0.721,0.011,72.8,0,4.75
H00396,1,0.738,0.034,100.8,1,4.78
H00397,0,0.844,0.042,27.2,2,4.75
H00398,0,0.729,0.094,161.9,3,4.68
H00399,0,0.57,0.051,50.8,1,4.92
H00400,0,0.5,0.073,53.5,1,4.94
H00401,0,0.879,0.05,449.5,0,4.91
H00402,1,0.745,0.073,82.2,1,4.63
H00403,0,0.824,0.107,118.5,0,4.61
H00404,0,0.884,0.046,92.5,1,4.67
H00405,1,0.79,0.069,196.1,1,4.48
H00406,1,0.789,0.08,244.6,4,4.69
H00407,0,0.813,0.077,117.2,2,4.66
H00408,0,0.743,0.032,355.5,1,4.87
H00409,1,0.849,0.11,221.3,2,4.99
H00410,0,0.62,0.019,51.8,3,4.72
H00411,1,0.806,0.049,515.0,2,4.82
H00412,0,0.7,0.13,40.5,2,4.65
H00413,0,0.844,0.025,196.7,0,4.84
H00414,0,0.798,0.031,108.5,3,4.86
H00415,0,0.766,0.071,69.1,2,5.0
H00416,1,0.857,0.097,279.6,3,4.17
H00417,1,0.886,0.07,108.3,1,4.79
H00418,1,0.723,0.006,134.1,2,4.58
H00419,0,0.922,0.031,16.4,2,4.77
H00420,1,0.679,0.042,197.4,2,4.77
H00421,1,0.74,0.067,135.3,1,4.45
H00422,1,0.901,0.005,76.1,5,4.23
H00423,0,0.746,0.033,136.6,1,4.73
H00424,0,0.825,0.225,154.2,3,4.55
H00425,0,0.603,0.122,111.8,2,4.82
H00426,0,0.911,0.033,61.9,2,4.61
H00427,0,0.86,0.08,172.8,3,4.83
H00428,1,0.794,0.035,126.5,5,4.73
H00429,1,0.754,0.135,25.7,3,4.3
H00430,0,0.817,0.056,315.1,4,4.65
H00431,0,0.816,0.024,217.6,1,4.65
H00432,0,0.846,0.045,226.0,4,4.57
H00433,1,0.808,0.075,114.3,2,4.79
H00434,1,0.921,0.071,151.7,1,4.43
H00435,0,0.749,0.055,88.9,2,5.0
H00436,1,0.523,0.076,125.0,3,4.31
H00437,0,0.864,0.039,72.3,1,4.3
H00438,0,0.91,0.171,84.5,1,4.8
H00439,0,0.896,0.077,108.3,4,5.0
H00440,0,0.905,0.049,61.2,2,4.49
H00441,1,0.821,0.015,398.7,5,4.76
H00442,1,0.95,0.12,125.3,6,4.92
H00443,0,0.915,0.217,171.3,2,4.59
H00444,1,0.77,0.02,63.2,2,4.52
H00445,0,0.975,0.035,189.6,0,4.97
H00446,0,0.837,0.057,101.2,2,4.73
H00447,0,0.92,0.046,48.0,3,4.79
H00448,1,0.654,0.072,144.2,0,4.33
H00449,1,0.677,0.079,269.4,1,4.76
H00450,0,0.791,0.165,83.2,5,4.89
H00451,0,0.642,0.01,108.8,1,4.77
H00452,1,0.793,0.14,99.4,2,4.78
H00453,0,0.713,0.031,108.2,2,5.0
H00454,1,0.687,0.088,121.0,2,4.79
H00455,0,0.801,0.05,295.5,1,4.95
H00456,0,0.872,0.05,123.6,2,4.85
H00457,0,0.889,0.03,33.5,2,4.51
H00458,0,0.917,0.018,107.2,0,4.71
H00459,0,0.822,0.073,148.2,0,4.79
H00460,0,0.85,0.07,72.8,2,4.08
H00461,1,0.748,0.061,277.5,1,4.7
H00462,0,0.957,0.07,63.0,6,4.95
H00463,0,0.906,0.088,53.9,2,4.42
H00464,1,0.765,0.124,158.5,6,4.38
H00465,1,0.769,0.056,58.6,2,4.74
H00466,0,0.971,0.024,164.3,3,4.36
H00467,1,0.742,0.062,88.1,2,4.93
H00468,0,0.641,0.092,79.1,0,4.52
H00469,0,0.802,0.018,42.5,1,4.82
H00470,0,0.866,0.036,101.3,4,4.42
H00471,0,0.787,0.036,58.6,1,5.0
H00472,0,0.606,0.044,48.9,2,5.0
H00473,1,0.734,0.005,253.0,1,4.93
H00474,1,0.632,0.035,146.4,1,4.48
H00475,1,0.865,0.021,69.2,2,4.63
H00476,0,0.846,0.053,29.1,1,4.16
H00477,1,0.687,0.105,11.5,1,4.98
H00478,0,0.867,0.086,72.4,0,4.68
H00479,0,0.88,0.082,226.3,2,4.63
H00480,1,0.853,0.016,87.4,2,4.42
H00481,0,0.92,0.106,60.6,1,4.9
H00482,0,0.934,0.06,30.7,1,4.78
H00483,1,0.799,0.057,76.9,2,4.66
H00484,1,0.779,0.037,56.3,2,4.76
H00485,0,0.769,0.054,28.2,3,5.0
H00486,1,0.906,0.139,67.7,2,4.42
H00487,0,0.748,0.107,159.2,0,4.34
H00488,1,0.941,0.016,15.5,2,4.45
H00489,0,0.73,0.054,95.0,3,4.95
H00490,1,0.731,0.065,7.3,1,4.72
H00491,1,0.906,0.002,45.7,3,4.46
H00492,0,0.857,0.011,25.5,1,4.78
H00493,1,0.772,0.006,197.0,2,4.53
H00494,1,0.569,0.022,263.4,5,4.69
H00495,0,0.838,0.033,111.4,1,4.77
H00496,1,0.736,0.028,54.5,2,4.5
H00497,1,0.567,0.037,87.6,0,4.2
H00498,0,0.82,0.033,11.4,3,4.71
H00499,0,0.729,0.041,200.7,3,4.6
H00500,0,0.868,0.062,202.4,0,4.5
H00501,0,0.888,0.034,162.4,4,4.71
H00502,0,0.848,0.033,107.6,1,4.81
H00503,0,0.828,0.15,271.5,1,4.11
H00504,1,0.775,0.043,63.0,1,4.68
H00505,1,0.811,0.064,13.5,1,4.62
H00506,1,0.762,0.118,82.7,3,4.56
H00507,1,0.806,0.131,33.6,1,4.81
H00508,0,0.781,0.04,237.0,1,4.18
H00509,1,0.668,0.05,55.4,1,3.91
H00510,0,0.694,0.068,133.6,1,4.25
H00511,0,0.724,0.013,304.3,1,4.83
H00512,0,0.348,0.056,170.1,1,4.53
H00513,0,0.566,0.052,51.5,2,4.59
H00514,0,0.864,0.047,158.0,3,5.0
H00515,0,0.583,0.056,103.1,2,4.76
H00516,1,0.551,0.054,38.6,1,4.9
H00517,0,0.72,0.032,28.6,1,4.63
H00518,0,0.797,0.084,182.9,4,4.11
H00519,1,0.78,0.071,210.1,3,4.59
H00520,0,0.891,0.026,90.6,3,4.44
H00521,1,0.919,0.121,39.8,4,4.45
H00522,0,0.811,0.114,69.7,1,4.75
H00523,0,0.873,0.059,42.3,1,4.1
H00524,0,0.817,0.025,129.1,2,4.48
H00525,0,0.92,0.169,187.5,1,4.54
H00526,0,0.93,0.104,191.8,1,4.81
H00527,0,0.783,0.05,187.3,6,5.0
H00528,1,0.651,0.023,93.8,3,4.12
H00529,0,0.708,0.01,78.1,2,4.67
H00530,0,0.827,0.031,102.7,2,4.56
H00531,1,0.849,0.118,87.2,1,4.71
H00532,0,0.853,0.018,147.9,2,5.0
H00533,0,0.824,0.108,186.2,2,4.3
H00534,0,0.667,0.029,114.8,0,4.5
H00535,0,0.758,0.067,127.9,2,4.97
H00536,1,0.596,0.055,100.9,3,4.76
H00537,1,0.866,0.042,58.0,1,4.85
H00538,0,0.914,0.114,147.8,4,4.54
H00539,1,0.676,0.036,5.0,3,4.89
H00540,0,0.741,0.08,55.4,1,4.87
H00541,0,0.779,0.081,84.3,2,4.74
H00542,1,0.803,0.055,231.4,4,5.0
H00543,0,0.963,0.073,341.3,3,4.72
H00544,1,0.823,0.029,99.4,3,4.76
H00545,0,0.803,0.018,219.6,4,4.54
H00546,0,0.893,0.037,229.2,0,4.76
H00547,1,0.779,0.092,8.4,2,4.72
H00548,1,0.724,0.007,107.9,5,4.82
H00549,1,0.829,0.01,86.0,4,4.74
H00550,1,0.714,0.147,20.4,2,4.75
H00551,0,0.695,0.022,72.7,1,4.55
H00552,1,0.756,0.162,223.0,0,4.82
H00553,1,0.605,0.015,162.7,1,4.7
H00554,0,0.898,0.033,28.7,1,4.57
H00555,1,0.725,0.021,11.0,4,4.45
H00556,1,0.902,0.049,49.4,1,4.86
H00557,0,0.951,0.074,114.1,1,4.86
H00558,0,0.832,0.018,104.6,3,4.62
H00559,1,0.779,0.035,14.0,1,4.33
H00560,0,0.855,0.037,142.6,0,5.0
H00561,0,0.823,0.06,55.2,2,4.98
H00562,1,0.903,0.063,70.6,0,5.0
H00563,0,0.857,0.056,169.1,1,4.18
H00564,0,0.662,0.158,35.4,2,4.58
H00565,0,0.893,0.037,290.1,1,4.47
H00566,0,0.893,0.068,226.5,1,4.2
H00567,1,0.782,0.04,149.4,4,4.66
H00568,0,0.805,0.044,71.6,4,4.71
H00569,0,0.862,0.088,278.1,2,4.63
H00570,0,0.852,0.051,71.7,2,4.25
H00571,1,0.613,0.06,162.8,1,4.8
H00572,1,0.744,0.094,8.6,1,4.35
H00573,1,0.898,0.025,82.6,3,4.91
H00574,0,0.846,0.024,19.8,1,4.9
H00575,1,0.914,0.077,15.9,2,4.75
H00576,0,0.846,0.05,32.8,1,4.55
H00577,0,0.785,0.022,104.3,3,4.69
H00578,0,0.828,0.009,427.7,3,4.5
H00579,0,0.816,0.056,74.1,3,4.81
H00580,0,0.665,0.05,143.0,2,5.0
H00581,0,0.868,0.141,133.4,3,4.97
H00582,0,0.909,0.024,79.8,1,4.66
H00583,1,0.93,0.128,4.9,2,5.0
H00584,0,0.77,0.026,116.3,2,4.73
H00585,1,0.803,0.021,46.6,0,4.07
H00586,0,0.814,0.041,93.4,0,4.98
H00587,0,0.832,0.024,194.1,0,4.7
H00588,0,0.722,0.077,100.2,2,4.77
H00589,0,0.696,0.095,58.0,3,4.55
H00590,1,0.92,0.094,14.1,1,4.99
H00591,1,0.89,0.094,159.7,2,4.47
H00592,0,0.841,0.065,129.4,0,4.96
H00593,0,0.881,0.053,102.7,4,4.4
H00594,0,0.802,0.02,65.1,3,4.72
H00595,0,0.829,0.075,200.6,1,5.0
H00596,1,0.635,0.055,226.7,2,5.0
H00597,0,0.87,0.144,150.2,2,4.86
H00598,0,0.817,0.069,227.8,2,4.93
H00599,0,0.904,0.01,112.5,1,4.88
H00600,0,0.718,0.105,85.0,2,4.55
H00601,1,0.86,0.063,132.8,1,4.78
H00602,0,0.775,0.01,94.0,4,4.72
H00603,0,0.835,0.051,92.8,2,4.92
H00604,1,0.842,0.081,91.4,2,4.94
H00605,0,0.821,0.05,261.1,1,4.66
H00606,0,0.701,0.181,93.4,1,4.63
H00607,0,0.881,0.076,95.3,5,4.91
H00608,1,0.678,0.092,71.7,4,4.6
H00609,1,0.69,0.026,144.1,1,4.94
H00610,1,0.883,0.032,365.7,3,4.69
H00611,1,0.693,0.12,111.6,4,4.51
H00612,0,0.891,0.098,62.0,1,4.55
H00613,0,0.889,0.03,246.5,4,3.94
H00614,1,0.722,0.035,68.4,2,4.63
H00615,0,0.94,0.059,343.5,1,4.81
H00616,0,0.654,0.057,88.7,2,5.0
H00617,1,0.812,0.181,129.4,3,4.5
H00618,0,0.82,0.035,168.8,0,4.56
H00619,0,0.762,0.076,67.6,4,4.48
H00620,1,0.861,0.03,33.5,2,4.46
H00621,1,0.784,0.064,79.1,4,4.8
H00622,0,0.652,0.055,94.1,2,4.55
H00623,0,0.56,0.044,26.5,4,4.47
H00624,0,0.876,0.021,80.5,0,4.75
H00625,0,0.728,0.032,195.7,4,4.79
H00626,0,0.759,0.035,132.3,2,4.48
H00627,1,0.807,0.059,50.6,1,4.92
H00628,0,0.662,0.054,202.2,3,5.0
H00629,1,0.762,0.017,28.8,1,4.83
H00630,1,0.791,0.036,86.8,0,4.79
H00631,1,0.78,0.041,52.3,4,4.08
H00632,0,0.758,0.013,109.4,2,4.44
H00633,0,0.873,0.067,246.8,0,4.3
H00634,1,0.754,0.045,314.4,5,4.88
H00635,1,0.865,0.078,111.3,2,4.89
H00636,0,0.833,0.044,257.7,1,4.76
H00637,1,0.741,0.19,110.3,1,4.59
H00638,0,0.626,0.036,151.1,1,4.58
H00639,1,0.926,0.12,182.2,2,5.0
H00640,0,0.841,0.137,164.5,2,4.85
H00641,1,0.921,0.132,116.9,4,4.63
H00642,1,0.919,0.071,24.5,6,4.77
H00643,1,0.757,0.039,242.4,2,4.33
H00644,1,0.856,0.092,115.0,2,4.79
H00645,0,0.624,0.079,240.9,2,4.59
H00646,0,0.676,0.012,124.2,4,4.78
H00647,0,0.522,0.092,53.3,1,4.41
H00648,0,0.869,0.057,16.7,3,5.0
H00649,0,0.741,0.094,128.4,2,4.43
H00650,0,0.854,0.045,32.3,2,4.56
H00651,1,0.856,0.047,283.5,3,4.37
H00652,1,0.64,0.036,77.6,3,4.47
H00653,0,0.395,0.043,60.8,1,4.62
H00654,1,0.912,0.011,266.3,1,4.66
H00655,0,0.897,0.103,93.2,1,4.59
H00656,0,0.708,0.011,34.0,4,4.78
H00657,1,0.843,0.022,197.0,1,5.0
H00658,0,0.818,0.066,48.9,1,4.6
H00659,0,0.658,0.015,176.2,1,4.52
H00660,0,0.656,0.04,94.7,2,4.99
H00661,0,0.841,0.022,52.2,1,4.41
H00662,0,0.734,0.143,93.3,2,5.0
H00663,0,0.74,0.04,138.6,3,4.19
H00664,0,0.829,0.034,112.4,3,4.9
H00665,1,0.901,0.136,115.8,2,4.41
H00666,0,0.652,0.053,58.7,2,4.41
H00667,0,0.844,0.064,32.5,2,4.75
H00668,0,0.875,0.042,79.6,1,4.88
H00669,0,0.817,0.028,8.7,7,4.82
H00670,0,0.882,0.075,146.9,3,4.48
H00671,0,0.802,0.027,110.5,2,4.87
H00672,1,0.736,0.058,106.1,3,4.44
H00673,0,0.858,0.148,105.4,1,4.59
H00674,0,0.869,0.085,17.8,1,4.51
H00675,1,0.907,0.053,84.4,1,4.61
H00676,0,0.478,0.035,93.3,1,4.51
H00677,1,0.85,0.085,137.8,1,4.69
H00678,0,0.755,0.068,7.5,0,4.31
H00679,1,0.788,0.107,29.2,1,4.8
H00680,1,0.663,0.099,411.2,5,4.52
H00681,0,0.906,0.118,167.6,1,4.39
H00682,0,0.829,0.126,69.3,0,4.91
H00683,0,0.762,0.081,123.1,1,5.0
H00684,1,0.582,0.025,163.9,5,4.79
H00685,0,0.888,0.032,44.8,1,4.71
H00686,1,0.851,0.028,198.8,1,4.55
H00687,1,0.737,0.065,288.7,1,4.32
H00688,0,0.876,0.046,17.9,3,4.79
H00689,1,0.832,0.021,174.5,0,4.26
H00690,0,0.67,0.084,176.1,1,4.77
H00691,0,0.886,0.073,167.2,5,4.22
H00692,0,0.913,0.054,241.0,5,4.7
H00693,0,0.799,0.055,68.7,2,4.97
H00694,0,0.93,0.112,17.8,0,4.74
H00695,0,0.817,0.088,32.1,4,4.93
H00696,1,0.811,0.021,73.4,3,5.0
H00697,1,0.802,0.113,48.6,2,4.66
H00698,1,0.846,0.039,34.1,2,5.0
H00699,1,0.884,0.041,175.1,2,4.58
H00700,1,0.861,0.048,81.7,2,4.4
H00701,0,0.92,0.142,232.6,2,4.4
H00702,0,0.886,0.108,77.8,1,4.89
H00703,0,0.714,0.053,101.9,1,4.59
H00704,0,0.67,0.008,171.6,2,4.54
H00705,1,0.949,0.09,199.4,3,4.84
H00706,1,0.863,0.076,111.9,2,4.26
H00707,1,0.832,0.021,74.6,4,5.0
H00708,0,0.786,0.145,36.4,2,4.36
H00709,0,0.947,0.044,41.4,1,4.8
H00710,1,0.731,0.056,179.0,3,4.79
H00711,0,0.755,0.025,387.5,3,4.61
H00712,0,0.937,0.105,46.0,2,4.93
H00713,1,0.726,0.076,26.0,1,4.86
H00714,0,0.742,0.039,49.3,4,4.62
H00715,1,0.877,0.014,5.8,1,4.81
H00716,1,0.731,0.093,75.7,1,4.1
H00717,0,0.858,0.108,31.5,1,4.55
H00718,0,0.822,0.013,207.7,4,4.79
H00719,1,0.635,0.017,39.1,2,4.48
H00720,1,0.883,0.07,83.2,3,4.63
H00721,0,0.952,0.016,151.0,0,4.6
H00722,0,0.846,0.075,70.3,5,4.22
H00723,0,0.608,0.038,123.0,4,4.88
H00724,1,0.719,0.03,67.5,2,4.68
H00725,0,0.621,0.122,147.7,1,4.36
H00726,0,0.778,0.123,156.4,6,5.0
H00727,0,0.87,0.059,27.5,2,4.7
H00728,0,0.85,0.005,142.6,0,4.71
H00729,1,0.694,0.091,41.4,1,4.63
H00730,1,0.73,0.105,90.3,1,5.0
H00731,0,0.79,0.038,13.3,1,4.88
H00732,0,0.86,0.015,94.2,3,4.47
H00733,0,0.919,0.11,72.1,1,4.13
H00734,0,0.946,0.11,81.3,1,4.82
H00735,1,0.853,0.062,33.7,1,4.62
H00736,0,0.945,0.022,151.3,2,4.56
H00737,0,0.829,0.062,195.1,1,4.61
H00738,0,0.826,0.021,115.0,5,4.2
H00739,0,0.956,0.061,113.3,2,4.68
H00740,0,0.927,0.025,65.4,3,4.59
H00741,1,0.766,0.06,70.5,1,4.54
H00742,0,0.725,0.016,185.8,0,4.67
H00743,0,0.656,0.069,242.1,2,5.0
H00744,1,0.887,0.061,131.5,1,4.57
H00745,1,0.786,0.004,58.0,3,4.96
H00746,0,0.766,0.153,64.4,1,4.69
H00747,0,0.883,0.039,18.6,4,4.98
H00748,0,0.865,0.057,104.5,2,4.63
H00749,0,0.74,0.071,85.3,1,4.43
H00750,1,0.892,0.082,59.5,3,5.0
H00751,0,0.671,0.092,21.0,2,4.9
H00752,0,0.948,0.041,179.3,2,5.0
H00753,1,0.721,0.038,119.6,3,4.8
H00754,1,0.881,0.095,33.4,0,4.67
H00755,0,0.749,0.073,189.8,1,4.9
H00756,0,0.698,0.024,123.1,0,4.8
H00757,0,0.712,0.064,68.5,0,4.52
H00758,1,0.552,0.092,37.7,2,4.77
H00759,0,0.804,0.025,72.0,2,4.56
H00760,0,0.878,0.069,77.6,2,4.33
H00761,0,0.681,0.043,142.9,0,4.63
H00762,0,0.777,0.06,222.2,0,4.5
H00763,0,0.688,0.009,40.5,2,5.0
H00764,1,0.719,0.027,149.6,2,4.39
H00765,1,0.803,0.063,103.3,1,4.54
H00766,1,0.816,0.126,284.6,1,4.51
H00767,0,0.52,0.149,245.7,3,4.85
H00768,0,0.833,0.069,50.2,5,4.71
H00769,0,0.711,0.074,127.5,2,5.0
H00770,0,0.718,0.109,67.6,2,5.0
H00771,0,0.809,0.043,42.9,3,4.68
H00772,1,0.807,0.147,39.5,3,4.38
H00773,1,0.621,0.032,81.9,2,4.74
H00774,1,0.854,0.069,60.5,2,4.71
H00775,0,0.595,0.024,339.8,1,4.28
H00776,0,0.723,0.112,139.3,1,4.6
H00777,1,0.822,0.066,157.2,2,4.7
H00778,1,0.79,0.068,119.3,3,4.66
H00779,0,0.582,0.034,260.5,2,4.41
H00780,0,0.781,0.084,62.9,3,4.65
H00781,0,0.556,0.071,124.6,1,4.62
H00782,1,0.841,0.047,113.8,0,4.77
H00783,0,0.875,0.116,195.1,2,4.42
H00784,0,0.839,0.054,165.4,2,4.94
H00785,0,0.701,0.061,206.3,2,4.77
H00786,1,0.881,0.06,91.2,3,4.32
H00787,0,0.879,0.084,59.3,0,4.72
H00788,0,0.844,0.063,153.1,1,4.66
H00789,1,0.928,0.035,70.8,1,4.63
H00790,0,0.729,0.048,24.6,2,4.28
H00791,0,0.834,0.072,127.2,5,4.57
H00792,1,0.845,0.048,68.3,2,4.49
H00793,1,0.749,0.045,120.8,2,4.54
H00794,0,0.872,0.058,42.0,0,4.88
H00795,1,0.756,0.044,47.6,0,4.48
H00796,0,0.848,0.09,175.3,1,5.0
H00797,1,0.744,0.027,118.2,0,5.0
H00798,1,0.838,0.024,352.2,1,4.74
H00799,0,0.885,0.089,174.9,3,4.33
H00800,1,0.897,0.088,97.2,4,4.33
H00801,1,0.796,0.044,130.0,2,4.77
H00802,1,0.685,0.023,104.8,2,4.59
H00803,0,0.922,0.057,204.2,1,4.47
H00804,0,0.842,0.123,99.8,2,4.65
H00805,0,0.855,0.153,145.7,2,4.33
H00806,0,0.68,0.066,39.6,2,5.0
H00807,0,0.837,0.046,16.3,2,4.79
H00808,0,0.824,0.13,23.4,0,5.0
H00809,1,0.891,0.033,169.1,3,4.89
H00810,0,0.666,0.094,138.8,3,4.84
H00811,0,0.651,0.103,43.8,1,4.43
H00812,0,0.847,0.026,63.1,5,3.99
H00813,0,0.951,0.038,42.9,1,4.91
H00814,1,0.63,0.014,100.5,2,4.65
H00815,0,0.705,0.051,214.5,2,5.0
H00816,0,0.951,0.074,154.2,2,4.54
H00817,1,0.913,0.034,403.1,3,4.66
H00818,0,0.609,0.044,79.7,2,4.57
H00819,0,0.721,0.069,174.9,1,4.98
H00820,0,0.783,0.141,179.4,1,4.05
H00821,0,0.837,0.037,134.1,1,4.75
H00822,1,0.755,0.041,21.7,1,4.49
H00823,0,0.824,0.112,100.8,2,4.67
H00824,0,0.934,0.086,248.8,2,5.0
H00825,0,0.892,0.06,99.8,1,4.38
H00826,0,0.737,0.075,24.1,4,4.38
H00827,0,0.813,0.023,113.5,2,5.0
H00828,0,0.727,0.165,139.3,0,4.56
H00829,0,0.768,0.009,87.2,2,4.52
H00830,1,0.886,0.023,51.6,4,4.52
H00831,1,0.769,0.215,202.5,1,4.24
H00832,0,0.906,0.014,67.8,1,5.0
H00833,1,0.819,0.052,103.8,1,5.0
H00834,1,0.772,0.069,89.2,4,4.22
H00835,1,0.833,0.024,399.8,3,4.56
H00836,0,0.894,0.07,52.3,3,4.26
H00837,1,0.822,0.071,238.8,0,4.85
H00838,1,0.751,0.083,249.2,4,4.8
H00839,1,0.639,0.058,127.6,3,4.4
H00840,1,0.767,0.092,164.8,1,4.54
H00841,0,0.84,0.097,326.4,1,4.99
H00842,0,0.86,0.036,263.7,1,4.62
H00843,1,0.856,0.066,431.6,2,4.49
H00844,0,0.818,0.062,174.0,1,4.89
H00845,0,0.906,0.125,94.4,3,4.67
H00846,0,0.818,0.075,142.8,7,4.97
H00847,0,0.85,0.047,109.5,1,4.89
H00848,0,0.78,0.091,54.5,2,4.81
H00849,1,0.766,0.039,168.8,3,4.43
H00850,1,0.908,0.034,142.0,2,4.98
H00851,0,0.858,0.032,96.4,0,4.65
H00852,0,0.919,0.026,149.4,3,4.67
H00853,0,0.784,0.031,8.7,4,4.27
H00854,0,0.834,0.12,94.9,2,4.48
H00855,1,0.774,0.057,171.2,2,4.42
H00856,0,0.888,0.038,192.4,1,4.78
H00857,0,0.7,0.047,237.1,4,4.88
H00858,0,0.929,0.041,49.0,2,4.58
H00859,1,0.665,0.038,73.9,1,4.69
H00860,0,0.896,0.039,162.4,2,4.63
H00861,0,0.798,0.057,57.3,1,5.0
H00862,1,0.941,0.081,88.0,3,4.07
H00863,0,0.805,0.056,44.3,4,4.38
H00864,0,0.564,0.087,60.9,1,4.58
H00865,1,0.904,0.041,80.3,3,4.73
H00866,1,0.782,0.025,152.8,2,4.53
H00867,1,0.921,0.025,174.1,3,4.24
H00868,1,0.9,0.016,158.8,4,4.82
H00869,0,0.785,0.065,38.1,1,5.0
H00870,1,0.891,0.058,35.4,4,4.26
H00871,0,0.87,0.03,170.5,2,4.75
H00872,0,0.975,0.081,55.3,2,4.93
H00873,0,0.788,0.083,136.4,3,4.76
H00874,1,0.657,0.019,130.3,1,4.92
H00875,0,0.75,0.172,54.0,0,4.56
H00876,0,0.906,0.049,210.8,1,4.43
H00877,0,0.899,0.065,269.8,4,4.98
H00878,0,0.818,0.066,13.2,0,4.74
H00879,0,0.9,0.006,335.9,1,4.7
H00880,0,0.851,0.076,327.0,1,4.71
H00881,0,0.756,0.026,142.5,2,4.29
H00882,1,0.917,0.033,4.6,0,4.49
H00883,0,0.695,0.037,27.4,2,4.7
H00884,1,0.625,0.113,79.4,0,5.0
H00885,0,0.79,0.048,52.3,1,4.38
H00886,0,0.797,0.062,72.4,4,4.47
H00887,1,0.948,0.005,247.7,1,4.8
H00888,1,0.89,0.116,86.4,3,4.05
H00889,0,0.92,0.172,147.0,4,4.6
H00890,1,0.705,0.086,107.9,3,4.34
H00891,0,0.718,0.006,61.4,3,5.0
H00892,0,0.721,0.11,348.4,1,4.85
H00893,0,0.732,0.002,33.5,2,4.42
H00894,0,0.703,0.008,105.6,2,4.67
H00895,0,0.824,0.036,71.5,0,4.41
H00896,0,0.72,0.102,44.2,4,4.39
H00897,0,0.921,0.142,371.9,5,4.33
H00898,1,0.707,0.043,61.0,1,4.47
H00899,0,0.754,0.086,94.5,1,4.75
H00900,0,0.963,0.025,110.9,3,4.95
H00901,1,0.855,0.164,226.0,1,4.38
H00902,0,0.883,0.027,177.7,3,4.42
H00903,0,0.76,0.046,34.8,4,5.0
H00904,1,0.862,0.074,56.2,3,4.68
H00905,0,0.812,0.069,150.9,3,4.57
H00906,0,0.887,0.087,108.6,1,4.44
H00907,0,0.597,0.156,65.4,0,4.49
H00908,1,0.748,0.061,174.1,1,4.66
H00909,1,0.867,0.078,47.7,1,4.94
H00910,0,0.802,0.041,46.1,2,4.37
H00911,0,0.97,0.036,25.8,2,4.59
H00912,0,0.825,0.043,132.5,0,5.0
H00913,0,0.858,0.034,108.1,3,4.27
H00914,0,0.807,0.215,184.8,1,4.97
H00915,1,0.558,0.014,45.0,2,5.0
H00916,1,0.835,0.048,2.5,2,4.66
H00917,1,0.944,0.018,115.5,3,4.98
H00918,1,0.843,0.046,46.4,3,4.17
H00919,0,0.934,0.032,93.5,3,4.58
H00920,1,0.896,0.054,116.4,1,4.92
H00921,1,0.957,0.093,63.3,1,4.29
H00922,0,0.905,0.046,140.4,3,4.98
H00923,0,0.829,0.111,31.5,3,5.0
H00924,0,0.912,0.053,118.8,1,4.47
H00925,1,0.936,0.017,140.8,3,4.84
H00926,1,0.624,0.027,102.3,1,4.89
H00927,0,0.669,0.044,103.1,2,5.0
H00928,1,0.723,0.145,93.5,3,4.36
H00929,0,0.931,0.091,74.1,1,4.49
H00930,1,0.811,0.05,170.3,3,4.81
H00931,0,0.708,0.038,13.3,0,4.67
H00932,0,0.699,0.014,270.4,3,5.0
H00933,1,0.716,0.057,94.1,1,4.57
H00934,0,0.729,0.104,158.3,0,4.54
H00935,1,0.729,0.017,112.5,4,4.74
H00936,0,0.792,0.031,10.5,1,4.74
H00937,1,0.802,0.053,209.5,3,4.62
H00938,0,0.88,0.067,243.6,1,4.42
H00939,0,0.837,0.043,76.1,3,4.69
H00940,0,0.918,0.034,11.7,1,4.77
H00941,0,0.806,0.301,24.5,0,4.44
H00942,0,0.48,0.027,78.3,1,4.37
H00943,0,0.776,0.021,103.7,1,4.74
H00944,1,0.821,0.094,185.0,2,5.0
H00945,0,0.918,0.101,217.7,3,4.97
H00946,0,0.784,0.078,110.2,4,4.6
H00947,1,0.945,0.043,149.2,0,4.6
H00948,1,0.875,0.022,36.7,1,4.69
H00949,0,0.781,0.095,48.1,2,4.51
H00950,0,0.925,0.086,47.3,0,4.75
H00951,0,0.816,0.065,79.9,1,4.28
H00952,0,0.907,0.004,67.9,3,4.54
H00953,0,0.709,0.071,188.2,3,4.99
H00954,1,0.579,0.115,73.6,1,4.83
H00955,0,0.538,0.044,117.2,1,4.83
H00956,0,0.71,0.169,138.2,2,4.94
H00957,0,0.931,0.054,99.0,2,4.57
H00958,0,0.692,0.044,170.8,0,4.3
H00959,1,0.751,0.107,141.2,4,4.7
H00960,1,0.949,0.02,42.9,1,4.77
H00961,0,0.7,0.031,145.6,4,5.0
H00962,0,0.775,0.071,47.4,2,4.48
H00963,1,0.863,0.05,73.4,3,4.59
H00964,1,0.885,0.02,131.6,1,4.95
H00965,0,0.671,0.052,171.8,6,4.88
H00966,1,0.903,0.029,16.1,3,4.29
H00967,0,0.716,0.147,202.4,1,4.94
H00968,1,0.779,0.034,337.6,4,5.0
H00969,0,0.889,0.041,2.7,1,4.53
H00970,0,0.921,0.088,107.6,1,4.94
H00971,0,0.892,0.023,7.5,5,4.82
H00972,1,0.751,0.043,210.3,4,4.44
H00973,0,0.906,0.155,41.9,0,4.33
H00974,0,0.907,0.01,68.2,3,4.76
H00975,1,0.797,0.076,61.8,2,4.93
H00976,0,0.92,0.029,74.2,5,4.57
H00977,0,0.856,0.009,92.8,2,4.36
H00978,0,0.773,0.048,19.0,4,4.11
H00979,1,0.653,0.056,404.0,4,4.69
H00980,0,0.846,0.158,67.3,5,4.47
H00981,1,0.911,0.08,19.9,2,4.45
H00982,1,0.759,0.035,184.6,0,5.0
H00983,0,0.864,0.048,109.7,0,4.84
H00984,0,0.502,0.116,230.3,2,4.82
H00985,0,0.887,0.035,106.9,2,4.64
H00986,0,0.72,0.022,57.5,2,4.78
H00987,0,0.793,0.097,64.9,3,4.73
H00988,1,0.611,0.016,183.4,3,4.57
H00989,0,0.959,0.085,186.6,3,4.65
H00990,0,0.804,0.047,173.3,0,4.96
H00991,0,0.874,0.061,152.0,2,4.74
H00992,1,0.718,0.013,305.8,2,5.0
H00993,0,0.947,0.03,92.0,4,4.97
H00994,1,0.915,0.022,25.2,0,4.63
H00995,0,0.87,0.102,59.9,3,4.71
H00996,0,0.81,0.065,43.7,4,4.66
H00997,1,0.789,0.011,187.0,1,5.0
H00998,0,0.698,0.058,23.4,0,4.36
H00999,0,0.807,0.057,24.6,4,4.62
H01000,0,0.446,0.026,109.7,7,4.83
H01001,1,0.851,0.128,275.0,0,4.79
H01002,0,0.915,0.147,207.8,3,5.0
H01003,0,0.857,0.052,120.3,6,4.55
H01004,1,0.668,0.003,215.5,0,4.26
H01005,0,0.549,0.068,68.7,0,4.78
H01006,0,0.879,0.079,306.4,4,4.7
H01007,0,0.848,0.046,23.2,1,4.77
H01008,0,0.765,0.11,38.3,4,4.56
H01009,0,0.799,0.005,161.0,2,4.81
H01010,1,0.718,0.064,166.4,3,4.59
H01011,0,0.806,0.09,279.7,4,4.82
H01012,0,0.789,0.099,56.8,2,4.62
H01013,0,0.513,0.035,222.3,4,5.0
H01014,1,0.96,0.04,111.2,0,4.21
H01015,0,0.818,0.084,32.6,2,4.21
H01016,0,0.86,0.048,23.4,1,4.82
H01017,1,0.917,0.069,72.3,1,4.28
H01018,1,0.855,0.045,83.3,2,4.69
H01019,1,0.791,0.022,19.1,1,4.53
H01020,0,0.884,0.095,143.0,2,4.99
H01021,0,0.804,0.054,159.2,3,4.66
H01022,0,0.725,0.081,70.3,3,4.52
H01023,0,0.94,0.021,85.4,2,5.0
H01024,0,0.875,0.088,211.4,2,4.81
H01025,0,0.63,0.07,145.1,0,4.37
H01026,0,0.646,0.012,148.4,3,4.17
H01027,1,0.823,0.249,105.3,2,4.98
H01028,1,0.786,0.093,106.9,1,4.73
H01029,0,0.954,0.123,113.9,4,4.87
H01030,0,0.966,0.082,34.8,3,4.94
H01031,1,0.901,0.08,78.8,2,4.8
H01032,0,0.776,0.041,117.4,3,4.73
H01033,0,0.776,0.05,162.0,0,4.62
H01034,1,0.729,0.069,148.2,3,4.76
H01035,0,0.843,0.052,124.1,3,4.57
H01036,0,0.88,0.064,89.1,1,4.98
H01037,1,0.97,0.028,159.6,2,4.83
H01038,0,0.841,0.149,159.0,0,5.0
H01039,0,0.922,0.149,84.2,5,4.73
H01040,1,0.71,0.064,84.4,3,4.67
H01041,0,0.86,0.064,14.5,2,4.63
H01042,0,0.596,0.023,352.6,2,5.0
H01043,1,0.839,0.05,134.8,3,4.35
H01044,0,0.828,0.053,181.3,1,4.19
H01045,0,0.881,0.045,240.9,3,4.6
H01046,0,0.89,0.016,15.3,3,4.62
H01047,0,0.734,0.083,80.5,0,4.93
H01048,1,0.787,0.032,72.9,1,5.0
H01049,1,0.8,0.041,76.7,1,4.62
H01050,0,0.709,0.01,35.6,1,4.55
H01051,0,0.911,0.027,239.5,2,4.05
H01052,0,0.738,0.123,110.7,0,5.0
H01053,0,0.841,0.011,108.5,1,4.81
H01054,1,0.785,0.112,161.0,0,4.98
H01055,0,0.8,0.13,14.4,1,4.93
H01056,1,0.812,0.056,97.6,3,4.2
H01057,0,0.695,0.097,184.2,1,4.53
H01058,1,0.787,0.093,271.2,2,4.65
H01059,0,0.907,0.049,130.9,4,4.61
H01060,1,0.871,0.023,170.5,1,4.86
H01061,1,0.956,0.052,167.7,3,4.32
H01062,0,0.59,0.024,91.0,4,4.55
H01063,0,0.905,0.041,122.8,1,4.65
H01064,0,0.642,0.087,66.4,3,4.42
H01065,0,0.7,0.019,203.5,1,4.89
H01066,0,0.646,0.088,40.4,1,4.72
H01067,0,0.697,0.103,48.9,3,4.95
H01068,0,0.704,0.055,42.6,1,5.0
H01069,0,0.604,0.1,69.4,2,4.61
H01070,0,0.797,0.076,56.0,1,4.86
H01071,1,0.799,0.007,84.0,2,4.18
H01072,0,0.786,0.055,103.1,3,4.28
H01073,0,0.836,0.028,179.1,2,4.73
H01074,0,0.761,0.035,100.6,2,4.57
H01075,0,0.907,0.133,76.8,2,5.0
H01076,0,0.95,0.061,65.8,2,4.81
H01077,1,0.784,0.072,220.4,0,4.29
H01078,0,0.864,0.012,112.9,3,4.73
H01079,1,0.724,0.01,192.9,1,4.54
H01080,0,0.761,0.092,19.2,3,4.98
H01081,1,0.673,0.035,57.9,1,4.6
H01082,0,0.88,0.038,183.1,0,4.57
H01083,0,0.944,0.104,47.5,3,4.4
H01084,0,0.751,0.043,189.5,2,4.36
H01085,0,0.867,0.036,30.3,0,4.45
H01086,0,0.985,0.022,41.8,3,4.89
H01087,0,0.585,0.128,75.9,2,5.0
H01088,0,0.835,0.03,48.5,0,5.0
H01089,1,0.853,0.082,48.4,1,4.77
H01090,0,0.621,0.047,217.8,4,4.46
H01091,1,0.773,0.039,46.4,2,4.34
H01092,0,0.971,0.228,144.5,3,4.71
H01093,0,0.731,0.07,168.4,4,4.4
H01094,1,0.917,0.084,64.1,2,5.0
H01095,0,0.824,0.087,45.0,2,4.84
H01096,0,0.778,0.033,64.4,0,4.65
H01097,1,0.932,0.09,282.4,1,4.71
H01098,0,0.775,0.058,264.4,1,4.65
H01099,0,0.771,0.127,215.7,5,4.92
H01100,1,0.928,0.147,298.7,2,4.73
H01101,1,0.904,0.026,148.4,3,4.49
H01102,0,0.833,0.091,69.7,5,4.74
H01103,0,0.902,0.072,180.9,4,4.59
H01104,1,0.871,0.046,232.5,1,4.55
H01105,0,0.838,0.036,60.3,2,4.57
H01106,0,0.879,0.026,246.2,1,4.61
H01107,1,0.942,0.11,82.7,3,3.93
H01108,1,0.823,0.068,45.1,2,4.79
H01109,0,0.707,0.055,54.3,1,4.82
H01110,0,0.729,0.028,86.0,2,4.39
H01111,1,0.752,0.053,147.4,2,4.26
H01112,0,0.802,0.107,93.8,1,5.0
H01113,0,0.934,0.025,143.9,2,5.0
H01114,1,0.633,0.107,368.9,0,4.63
H01115,0,0.908,0.059,13.6,0,4.93
H01116,1,0.833,0.125,126.4,0,4.61
H01117,1,0.733,0.089,106.0,1,4.7
H01118,1,0.908,0.069,74.7,3,4.55
H01119,1,0.809,0.069,8.0,2,4.84
H01120,0,0.715,0.041,67.3,4,4.73
H01121,1,0.864,0.03,174.3,2,5.0
H01122,1,0.871,0.023,133.7,2,4.57
H01123,1,0.848,0.04,190.0,0,4.76
H01124,1,0.725,0.074,96.8,3,4.85
H01125,1,0.868,0.092,10.5,3,4.77
H01126,0,0.914,0.041,47.9,1,4.74
H01127,0,0.777,0.024,25.3,2,5.0
H01128,0,0.537,0.087,229.8,3,4.39
H01129,0,0.731,0.016,14.3,2,4.8
H01130,0,0.572,0.055,143.0,3,4.47
H01131,0,0.786,0.017,376.8,2,4.43
H01132,1,0.739,0.012,11.9,1,4.56
H01133,0,0.756,0.03,52.0,2,4.74
H01134,0,0.73,0.04,138.3,5,4.77
H01135,1,0.682,0.075,43.4,1,4.59
H01136,0,0.686,0.073,26.2,2,4.85
H01137,0,0.738,0.028,49.2,0,4.87
H01138,0,0.891,0.039,78.6,5,5.0
H01139,0,0.876,0.036,81.5,2,4.55
H01140,1,0.793,0.082,108.6,4,4.46
H01141,1,0.664,0.026,219.3,1,4.68
H01142,1,0.809,0.081,44.3,3,4.3
H01143,1,0.824,0.095,216.2,2,5.0
H01144,0,0.78,0.014,396.3,1,4.57
H01145,1,0.7,0.026,115.2,1,4.45
H01146,1,0.857,0.077,193.6,2,4.67
H01147,1,0.709,0.129,227.0,2,4.67
H01148,0,0.815,0.056,214.0,3,4.71
H01149,0,0.735,0.047,43.6,2,4.77
H01150,0,0.761,0.115,246.4,0,4.41
H01151,0,0.899,0.071,9.1,1,4.74
H01152,1,0.86,0.127,115.5,2,4.58
H01153,0,0.815,0.046,74.0,3,4.54
H01154,0,0.675,0.095,217.1,1,4.88
H01155,0,0.904,0.015,83.8,2,4.25
H01156,0,0.503,0.016,259.8,3,4.83
H01157,0,0.684,0.006,117.9,3,5.0
H01158,1,0.952,0.016,136.0,1,4.75
H01159,1,0.859,0.038,91.9,5,5.0
H01160,1,0.833,0.063,42.3,1,4.83
H01161,1,0.672,0.043,47.1,1,4.58
H01162,0,0.901,0.039,12.0,0,4.45
H01163,0,0.911,0.097,42.5,2,4.62
H01164,0,0.751,0.06,92.4,2,4.68
H01165,0,0.811,0.048,121.7,2,4.58
H01166,0,0.853,0.171,95.8,5,4.84
H01167,0,0.674,0.063,207.6,2,4.32
H01168,0,0.762,0.039,37.8,1,4.38
H01169,1,0.804,0.077,77.9,5,4.7
H01170,0,0.846,0.075,29.0,2,4.49
H01171,1,0.705,0.028,59.2,1,4.61
H01172,0,0.655,0.051,12.7,4,4.33
H01173,0,0.778,0.015,169.9,0,4.57
H01174,1,0.9,0.048,23.5,0,4.58
H01175,1,0.946,0.076,52.9,1,4.49
H01176,0,0.83,0.021,59.6,3,4.75
H01177,0,0.843,0.06,66.5,2,4.39
H01178,0,0.814,0.043,69.7,2,5.0
H01179,1,0.679,0.086,188.5,1,4.72
H01180,0,0.811,0.041,112.5,1,4.49
H01181,0,0.591,0.052,73.5,3,3.9
H01182,0,0.59,0.014,446.3,3,5.0
H01183,0,0.788,0.051,137.6,3,4.79
H01184,0,0.738,0.049,88.8,1,4.92
H01185,1,0.844,0.09,442.8,1,4.81
H01186,1,0.735,0.071,92.7,0,4.88
H01187,0,0.721,0.037,65.5,0,4.72
H01188,0,0.843,0.063,106.8,3,4.75
H01189,0,0.897,0.179,36.0,3,4.7
H01190,0,0.694,0.013,11.3,7,4.86
H01191,0,0.618,0.078,19.0,0,4.87
H01192,1,0.833,0.124,144.5,2,4.75
H01193,0,0.876,0.053,26.4,4,4.88
H01194,0,0.964,0.024,134.5,4,4.89
H01195,0,0.928,0.076,115.3,1,4.51
H01196,0,0.84,0.016,154.5,4,4.5
H01197,0,0.937,0.148,126.7,2,4.86
H01198,1,0.941,0.007,58.2,1,4.48
H01199,0,0.685,0.103,467.4,1,4.76
H01200,0,0.806,0.018,58.2,1,4.41
H01201,0,0.964,0.023,67.4,3,4.59
H01202,0,0.853,0.113,61.0,1,4.0
H01203,0,0.792,0.038,27.1,1,4.5
H01204,0,0.935,0.009,61.8,1,4.69
H01205,0,0.606,0.041,223.8,1,4.46
H01206,1,0.825,0.059,43.8,3,4.22
H01207,1,0.828,0.105,215.4,1,4.45
H01208,0,0.889,0.027,173.8,3,4.57
H01209,0,0.819,0.076,242.4,2,4.78
H01210,1,0.8,0.144,179.5,1,4.64
H01211,0,0.802,0.093,94.2,2,4.41
H01212,1,0.73,0.128,41.5,4,4.92
H01213,0,0.578,0.062,37.0,1,5.0
H01214,0,0.829,0.06,99.1,1,4.46
H01215,0,0.766,0.059,81.2,1,5.0
H01216,0,0.62,0.042,182.1,2,4.58
H01217,0,0.845,0.108,193.6,0,4.77
H01218,0,0.776,0.097,207.2,0,4.98
H01219,0,0.776,0.016,82.2,3,4.96
H01220,1,0.771,0.049,184.7,2,4.57
H01221,0,0.721,0.086,93.2,1,4.97
H01222,0,0.638,0.041,66.6,1,4.78
H01223,1,0.844,0.025,192.6,0,4.62
H01224,0,0.856,0.013,189.8,2,4.47
H01225,0,0.866,0.201,29.2,2,4.6
H01226,1,0.852,0.025,178.8,5,4.84
H01227,0,0.8,0.037,41.7,0,4.55
H01228,1,0.602,0.035,129.1,0,4.72
H01229,0,0.697,0.147,93.9,2,4.52
H01230,0,0.632,0.071,106.9,3,4.88
H01231,1,0.888,0.008,106.6,0,4.44
H01232,0,0.739,0.011,165.2,0,5.0
H01233,0,0.938,0.089,95.2,1,4.71
H01234,0,0.926,0.045,182.6,0,4.48
H01235,0,0.73,0.079,150.4,2,4.52
H01236,0,0.767,0.127,229.2,2,4.4
H01237,0,0.888,0.082,109.7,5,4.91
H01238,0,0.732,0.084,32.3,2,4.73
H01239,0,0.941,0.073,133.7,1,4.73
H01240,0,0.907,0.109,50.9,3,4.76
H01241,0,0.917,0.016,15.3,1,4.47
H01242,0,0.818,0.053,97.0,1,4.58
H01243,1,0.597,0.144,329.3,2,4.19
H01244,0,0.688,0.049,91.8,1,5.0
H01245,0,0.835,0.014,168.0,4,4.31
H01246,0,0.968,0.082,90.7,2,4.5
H01247,1,0.783,0.056,232.5,0,4.6
H01248,0,0.707,0.066,266.9,3,4.71
H01249,1,0.92,0.082,101.4,7,4.67
H01250,0,0.649,0.042,198.0,1,4.77
H01251,0,0.92,0.184,22.9,1,5.0
H01252,0,0.677,0.049,66.4,4,4.75
H01253,1,0.878,0.021,162.7,0,4.38
H01254,0,0.736,0.063,59.6,2,5.0
H01255,0,0.897,0.053,93.7,1,5.0
H01256,1,0.903,0.076,28.3,2,4.73
H01257,0,0.966,0.02,309.3,1,4.8
H01258,1,0.834,0.088,216.2,1,4.48
H01259,0,0.868,0.103,51.2,4,4.91
H01260,0,0.762,0.107,32.4,2,4.44
H01261,1,0.867,0.043,162.2,0,4.48
H01262,1,0.805,0.087,58.5,3,4.83
H01263,0,0.776,0.088,68.3,3,4.9
H01264,1,0.831,0.062,48.6,5,4.42
H01265,0,0.76,0.069,122.1,3,4.55
H01266,0,0.853,0.046,101.4,1,4.56
H01267,1,0.892,0.061,78.7,2,4.92
H01268,0,0.827,0.015,216.4,2,4.56
H01269,0,0.845,0.013,95.9,2,4.57
H01270,0,0.67,0.099,84.9,1,4.98
H01271,1,0.903,0.024,101.2,0,4.29
H01272,0,0.816,0.035,99.9,2,4.5
H01273,1,0.784,0.019,146.6,4,4.02
H01274,0,0.713,0.118,104.7,5,4.08
H01275,0,0.924,0.071,25.5,1,4.5
H01276,1,0.879,0.067,41.8,2,4.22
H01277,0,0.716,0.084,98.8,2,4.34
H01278,0,0.922,0.091,14.0,2,4.14
H01279,0,0.631,0.021,66.6,2,4.57
H01280,1,0.54,0.058,137.5,4,4.82
H01281,1,0.507,0.053,133.7,2,4.64
H01282,1,0.85,0.095,134.8,4,4.88
H01283,0,0.942,0.052,210.6,2,4.32
H01284,0,0.863,0.013,105.4,2,5.0
H01285,1,0.754,0.091,70.0,1,4.63
H01286,0,0.789,0.109,51.5,0,4.34
H01287,1,0.817,0.159,82.8,6,4.62
H01288,1,0.789,0.018,199.9,1,4.74
H01289,0,0.946,0.061,79.0,2,4.85
H01290,0,0.922,0.14,96.3,0,4.97
H01291,1,0.698,0.15,297.6,1,4.67
H01292,0,0.719,0.106,73.4,2,4.63
H01293,0,0.807,0.13,104.9,1,4.74
H01294,0,0.659,0.073,42.6,2,4.97
H01295,0,0.941,0.057,39.9,3,4.47
H01296,0,0.814,0.135,63.6,1,4.44
H01297,0,0.966,0.059,251.1,4,4.63
H01298,0,0.484,0.059,157.2,2,4.93
H01299,0,0.87,0.043,113.7,2,4.52
H01300,1,0.875,0.034,76.2,3,4.83
H01301,1,0.82,0.102,9.5,0,4.76
H01302,0,0.949,0.048,30.2,1,4.54
H01303,0,0.76,0.15,64.6,0,4.5
H01304,0,0.785,0.072,201.8,0,4.74
H01305,0,0.63,0.082,36.8,3,4.36
H01306,0,0.791,0.074,124.5,3,4.99
H01307,0,0.91,0.072,149.3,1,5.0
H01308,1,0.736,0.008,120.5,1,4.61
H01309,1,0.793,0.152,431.7,1,5.0
H01310,0,0.724,0.064,88.9,1,4.71
H01311,0,0.986,0.045,54.6,0,4.52
H01312,1,0.811,0.025,57.2,2,4.55
H01313,1,0.863,0.13,350.4,2,4.6
H01314,0,0.733,0.055,31.8,0,4.52
H01315,1,0.839,0.054,167.2,3,4.44
H01316,0,0.87,0.015,55.4,3,4.92
H01317,1,0.882,0.037,73.2,3,4.6
H01318,1,0.94,0.019,31.6,2,4.18
H01319,0,0.803,0.145,171.6,1,5.0
H01320,0,0.903,0.041,2.9,1,4.81
H01321,0,0.797,0.024,246.2,5,4.18
H01322,0,0.823,0.098,17.6,1,4.29
H01323,0,0.866,0.03,38.6,1,4.23
H01324,0,0.891,0.069,45.7,3,4.68
H01325,0,0.8,0.143,188.8,2,4.76
H01326,0,0.788,0.101,223.1,2,4.71
H01327,0,0.749,0.092,193.1,3,4.53
H01328,1,0.81,0.024,67.3,0,4.5
H01329,0,0.801,0.008,342.1,1,4.69
H01330,1,0.863,0.075,149.6,1,4.49
H01331,1,0.88,0.015,137.4,3,4.66
H01332,0,0.832,0.032,190.8,2,4.85
H01333,0,0.912,0.124,76.5,3,4.49
H01334,1,0.91,0.035,177.6,1,4.99
H01335,0,0.88,0.054,119.4,3,4.31
H01336,1,0.856,0.022,260.8,2,4.54
H01337,0,0.762,0.091,23.3,1,4.65
H01338,0,0.564,0.049,77.4,3,4.32
H01339,1,0.909,0.032,24.5,1,4.69
H01340,0,0.841,0.007,309.6,4,4.75
H01341,0,0.882,0.031,160.0,1,4.33
H01342,0,0.816,0.089,144.0,1,4.48
H01343,0,0.766,0.025,127.1,2,4.48
H01344,0,0.565,0.108,141.0,2,4.26
H01345,0,0.738,0.083,106.9,1,4.71
H01346,1,0.912,0.076,297.2,2,4.6
H01347,0,0.751,0.089,229.7,1,4.42
H01348,1,0.488,0.092,50.8,1,4.58
H01349,0,0.94,0.046,88.3,2,4.64
H01350,0,0.646,0.059,11.2,0,4.09
H01351,1,0.792,0.048,174.2,3,4.64
H01352,0,0.703,0.033,120.2,2,4.46
H01353,0,0.64,0.031,44.6,0,4.22
H01354,0,0.745,0.034,82.8,2,4.82
H01355,0,0.637,0.017,55.7,0,4.45
H01356,0,0.809,0.061,140.1,4,5.0
H01357,0,0.717,0.011,46.1,2,4.66
H01358,0,0.694,0.032,117.6,4,4.65
H01359,0,0.732,0.15,87.9,2,4.78
H01360,0,0.778,0.068,74.2,1,5.0
H01361,1,0.9,0.064,189.8,4,4.5
H01362,0,0.817,0.077,115.0,3,4.95
H01363,0,0.929,0.055,18.6,2,4.55
H01364,0,0.731,0.052,86.8,1,4.57
H01365,0,0.764,0.02,345.9,4,4.62
H01366,1,0.767,0.154,27.1,1,4.6
H01367,0,0.765,0.054,77.5,3,4.57
H01368,0,0.626,0.102,156.2,4,4.28
H01369,0,0.91,0.007,96.1,0,4.63
H01370,0,0.877,0.008,68.8,2,4.57
H01371,1,0.857,0.058,118.0,2,4.92
H01372,1,0.746,0.068,158.3,3,4.63
H01373,0,0.856,0.002,58.9,1,4.21
H01374,0,0.863,0.058,82.2,1,4.55
H01375,0,0.841,0.089,58.3,1,4.79
H01376,1,0.769,0.032,206.0,0,4.27
H01377,0,0.752,0.092,24.1,1,4.13
H01378,0,0.781,0.04,67.5,2,4.77
H01379,0,0.916,0.085,64.6,3,4.89
H01380,0,0.791,0.09,100.3,1,4.83
H01381,0,0.863,0.042,106.2,2,4.9
H01382,1,0.883,0.044,29.1,3,4.39
H01383,0,0.716,0.065,141.5,3,4.71
H01384,1,0.735,0.083,82.6,1,4.74
H01385,0,0.769,0.105,155.7,0,4.93
H01386,0,0.917,0.014,102.0,1,4.9
H01387,0,0.824,0.042,47.0,3,4.83
H01388,0,0.757,0.142,65.6,1,4.5
H01389,0,0.705,0.039,74.4,1,4.19
H01390,1,0.95,0.015,243.6,2,4.14
H01391,0,0.926,0.059,19.2,1,4.78
H01392,0,0.681,0.03,54.0,5,4.86
H01393,0,0.73,0.065,82.9,4,4.47
H01394,0,0.776,0.135,142.2,1,4.82
H01395,0,0.926,0.1,169.7,0,4.78
H01396,0,0.82,0.068,106.1,3,4.38
H01397,0,0.853,0.043,103.1,4,4.93
H01398,1,0.969,0.042,30.9,5,4.73
H01399,1,0.767,0.086,133.5,3,4.14
H01400,0,0.689,0.018,85.2,6,4.54
H01401,0,0.708,0.036,143.9,1,4.9
H01402,0,0.807,0.046,276.3,4,4.46
H01403,0,0.847,0.011,108.9,1,4.91
H01404,0,0.742,0.199,219.4,0,4.95
H01405,1,0.739,0.038,114.2,1,4.46
H01406,0,0.641,0.153,171.9,2,4.39
H01407,0,0.864,0.048,71.5,5,4.81
H01408,1,0.862,0.081,37.5,5,4.77
H01409,1,0.821,0.057,75.6,3,4.79
H01410,0,0.89,0.038,121.6,5,4.61
H01411,0,0.802,0.09,214.8,4,5.0
H01412,1,0.611,0.068,105.3,3,4.87
H01413,0,0.749,0.009,88.3,2,4.54
H01414,0,0.673,0.076,73.3,4,4.83
H01415,0,0.898,0.153,347.3,1,4.69
H01416,0,0.816,0.054,368.7,3,4.29
H01417,0,0.775,0.082,143.7,2,4.27
H01418,1,0.92,0.016,110.3,3,4.64
H01419,0,0.823,0.016,145.8,1,4.51
H01420,0,0.811,0.03,42.6,3,4.39
H01421,0,0.544,0.052,116.0,0,4.55
H01422,0,0.811,0.091,194.2,6,4.79
H01423,1,0.865,0.032,80.9,2,4.73
H01424,1,0.839,0.029,107.9,2,4.65
H01425,1,0.918,0.102,127.6,1,4.24
H01426,0,0.915,0.073,192.3,1,4.18
H01427,0,0.778,0.027,233.9,4,4.98
H01428,1,0.753,0.098,331.8,2,4.63
H01429,0,0.904,0.089,151.0,1,4.85
H01430,1,0.517,0.018,103.2,1,4.68
H01431,1,0.776,0.026,25.4,6,4.46
H01432,0,0.752,0.059,24.0,1,4.55
H01433,1,0.896,0.118,84.3,1,4.94
H01434,0,0.872,0.082,154.8,1,4.8
H01435,1,0.784,0.077,137.2,0,4.46
H01436,1,0.46,0.119,103.3,1,4.87
H01437,0,0.834,0.01,111.5,2,4.46
H01438,1,0.873,0.123,49.2,3,4.75
H01439,1,0.783,0.205,125.8,3,4.24
H01440,0,0.836,0.047,52.7,0,4.6
H01441,1,0.667,0.098,44.2,2,4.71
H01442,0,0.916,0.025,128.3,2,4.51
H01443,1,0.904,0.153,215.0,3,4.84
H01444,0,0.803,0.048,145.7,2,4.35
H01445,0,0.928,0.018,139.1,0,4.84
H01446,0,0.854,0.058,41.7,3,4.73
H01447,0,0.803,0.052,184.8,2,4.46
H01448,0,0.88,0.017,26.9,2,4.24
H01449,0,0.89,0.102,28.7,3,5.0
H01450,1,0.807,0.09,102.8,2,4.64
H01451,0,0.821,0.048,75.1,1,4.51
H01452,0,0.808,0.046,38.4,5,4.55
H01453,1,0.82,0.136,171.2,2,4.4
H01454,1,0.697,0.011,159.5,4,4.81
H01455,1,0.761,0.028,54.8,0,4.68
H01456,0,0.875,0.083,47.4,2,4.3
H01457,1,0.873,0.048,79.4,3,4.66
H01458,0,0.873,0.059,25.1,1,4.32
H01459,1,0.866,0.181,54.7,3,4.85
H01460,1,0.888,0.099,85.5,2,4.46
H01461,1,0.696,0.026,31.9,2,4.94
H01462,1,0.725,0.072,24.0,1,5.0
H01463,0,0.821,0.059,39.0,0,4.55
H01464,1,0.879,0.024,36.7,4,4.46
H01465,0,0.715,0.056,48.8,1,4.28
H01466,0,0.759,0.079,160.3,4,4.17
H01467,0,0.398,0.009,67.7,3,4.27
H01468,0,0.869,0.056,53.8,1,4.51
H01469,1,0.826,0.082,91.8,2,4.05
H01470,0,0.663,0.037,114.4,2,4.83
H01471,0,0.758,0.058,127.2,1,4.77
H01472,1,0.746,0.015,99.1,3,4.77
H01473,0,0.763,0.072,114.1,3,4.94
H01474,0,0.925,0.079,36.0,2,4.36
H01475,0,0.73,0.01,18.0,2,4.37
H01476,0,0.837,0.076,43.1,2,4.93
H01477,0,0.918,0.03,200.2,2,4.51
H01478,0,0.932,0.035,139.2,1,4.75
H01479,0,0.783,0.002,62.9,3,4.11
H01480,0,0.81,0.034,6.4,3,4.92
H01481,0,0.874,0.047,213.2,1,4.74
H01482,1,0.72,0.077,93.0,3,4.27
H01483,1,0.718,0.073,286.3,2,5.0
H01484,0,0.784,0.053,159.0,1,4.69
H01485,0,0.867,0.084,117.1,4,5.0
H01486,1,0.854,0.103,36.4,5,4.13
H01487,0,0.642,0.056,38.2,2,4.74
H01488,0,0.894,0.034,56.8,2,4.5
H01489,0,0.9,0.086,126.9,3,4.57
H01490,0,0.83,0.029,89.4,2,4.69
H01491,1,0.702,0.086,251.8,1,4.2
H01492,1,0.744,0.074,86.2,4,5.0
H01493,0,0.731,0.122,145.8,1,5.0
H01494,0,0.783,0.037,35.4,1,4.71
H01495,0,0.709,0.114,285.5,2,4.32
H01496,1,0.804,0.06,38.5,1,4.58
H01497,0,0.874,0.057,85.3,4,4.71
H01498,0,0.929,0.013,207.5,1,4.48
H01499,0,0.722,0.009,69.9,2,4.87
